{"cameraMode":{"drawMode":0,"name":"Shaded","section":"Shading Mode"},"sceneLighting":false,"audioPlay":false,"sceneViewState":{"showFog":false,"showMaterialUpdate":false,"showSkybox":false,"showFlares":false,"showImageEffects":false,"showParticleSystems":false},"in2DMode":false,"pivot":{"x":1.011163353919983,"y":1.14456045627594,"z":1.4642407894134522},"rotation":{"x":-0.1521017998456955,"y":-0.21053019165992738,"z":0.033179882913827899,"w":-0.965112030506134},"size":-1.1753106117248536,"orthographic":false}