{"cameraMode":{"drawMode":0,"name":"Shaded","section":"Shading Mode"},"sceneLighting":true,"audioPlay":false,"sceneViewState":{"showFog":false,"showMaterialUpdate":false,"showSkybox":false,"showFlares":false,"showImageEffects":false,"showParticleSystems":false},"in2DMode":false,"pivot":{"x":-8.334712028503418,"y":0.813370943069458,"z":0.6208744645118713},"rotation":{"x":-0.048457808792591098,"y":0.6808006763458252,"z":-0.04522765800356865,"w":-0.7294633388519287},"size":5.68286657333374,"orthographic":false}