{"cameraMode":{"drawMode":0,"name":"Shaded","section":"Shading Mode"},"sceneLighting":false,"audioPlay":false,"sceneViewState":{"showFog":false,"showMaterialUpdate":false,"showSkybox":false,"showFlares":false,"showImageEffects":false,"showParticleSystems":false},"in2DMode":false,"pivot":{"x":0.0,"y":0.016867004334926606,"z":0.42618101835250857},"rotation":{"x":0.14401082694530488,"y":0.5316805839538574,"z":-0.09230440109968186,"w":0.8294917941093445},"size":2.020240068435669,"orthographic":true}