{"cameraMode":{"drawMode":0,"name":"Shaded","section":"Shading Mode"},"sceneLighting":false,"audioPlay":false,"sceneViewState":{"showFog":false,"showMaterialUpdate":false,"showSkybox":false,"showFlares":false,"showImageEffects":false,"showParticleSystems":false},"in2DMode":false,"pivot":{"x":-37.48985290527344,"y":-1.3548210859298707,"z":41.10633087158203},"rotation":{"x":0.06719055771827698,"y":-0.36670616269111636,"z":0.0265653096139431,"w":0.9275270104408264},"size":65.56819152832031,"orthographic":false}