{"cameraMode":{"drawMode":0,"name":"Shaded","section":"Shading Mode"},"sceneLighting":false,"audioPlay":false,"sceneViewState":{"showFog":false,"showMaterialUpdate":false,"showSkybox":false,"showFlares":false,"showImageEffects":false,"showParticleSystems":false},"in2DMode":false,"pivot":{"x":0.24941270053386689,"y":1.980249285697937,"z":1.9749425649642945},"rotation":{"x":-0.019553886726498605,"y":0.5160570740699768,"z":-0.011787225492298603,"w":-0.8562498688697815},"size":3.056974411010742,"orthographic":false}