{"cameraMode":{"drawMode":0,"name":"Shaded","section":"Shading Mode"},"sceneLighting":false,"audioPlay":false,"sceneViewState":{"showFog":false,"showMaterialUpdate":false,"showSkybox":false,"showFlares":false,"showImageEffects":false,"showParticleSystems":false},"in2DMode":false,"pivot":{"x":0.2440577745437622,"y":0.03523075580596924,"z":2.30275559425354},"rotation":{"x":0.101070336997509,"y":-0.3529953062534332,"z":0.038390763103961948,"w":0.9293574690818787},"size":4.1547651290893559,"orthographic":false}