{"cameraMode":{"drawMode":0,"name":"Shaded","section":"Shading Mode"},"sceneLighting":true,"audioPlay":false,"sceneViewState":{"showFog":false,"showMaterialUpdate":false,"showSkybox":false,"showFlares":false,"showImageEffects":false,"showParticleSystems":false},"in2DMode":false,"pivot":{"x":9.095565795898438,"y":0.25561368465423586,"z":-10.031610488891602},"rotation":{"x":0.020433593541383745,"y":0.8986802697181702,"z":-0.042104534804821017,"w":0.4361002743244171},"size":17.713298797607423,"orthographic":false}