{"cameraMode":{"drawMode":0,"name":"Shaded","section":"Shading Mode"},"sceneLighting":false,"audioPlay":false,"sceneViewState":{"showFog":false,"showMaterialUpdate":false,"showSkybox":false,"showFlares":false,"showImageEffects":false,"showParticleSystems":false},"in2DMode":false,"pivot":{"x":0.0,"y":0.016867004334926606,"z":0.42618101835250857},"rotation":{"x":0.186333566904068,"y":0.1569403111934662,"z":-0.030165044590830804,"w":0.9694017171859741},"size":0.9897347092628479,"orthographic":true}