{"cameraMode":{"drawMode":0,"name":"Shaded","section":"Shading Mode"},"sceneLighting":true,"audioPlay":false,"sceneViewState":{"showFog":false,"showMaterialUpdate":false,"showSkybox":false,"showFlares":false,"showImageEffects":false,"showParticleSystems":false},"in2DMode":false,"pivot":{"x":1.32828688621521,"y":-8.333087921142579,"z":7.80394983291626},"rotation":{"x":-0.4434264600276947,"y":0.06711827218532562,"z":-0.03332183137536049,"w":-0.8931729197502136},"size":22.989999771118165,"orthographic":false}