{"cameraMode":{"drawMode":0,"name":"Shaded","section":"Shading Mode"},"sceneLighting":false,"audioPlay":false,"sceneViewState":{"showFog":false,"showMaterialUpdate":false,"showSkybox":false,"showFlares":false,"showImageEffects":false,"showParticleSystems":false},"in2DMode":false,"pivot":{"x":-1.0550124645233155,"y":0.8381505012512207,"z":3.2874374389648439},"rotation":{"x":-0.08021699637174607,"y":0.642848789691925,"z":-0.06796671450138092,"w":-0.758743166923523},"size":5.430457592010498,"orthographic":false}