{"cameraMode":{"drawMode":0,"name":"Shaded","section":"Shading Mode"},"sceneLighting":true,"audioPlay":false,"sceneViewState":{"showFog":false,"showMaterialUpdate":false,"showSkybox":false,"showFlares":false,"showImageEffects":false,"showParticleSystems":false},"in2DMode":false,"pivot":{"x":-8.334712982177735,"y":-0.8700000047683716,"z":0.6208744049072266},"rotation":{"x":-0.16901741921901704,"y":0.003849624190479517,"z":-0.0006618919433094561,"w":-0.9856053590774536},"size":92.95579528808594,"orthographic":true}