{"cameraMode":{"drawMode":0,"name":"Shaded","section":"Shading Mode"},"sceneLighting":false,"audioPlay":false,"sceneViewState":{"showFog":false,"showMaterialUpdate":false,"showSkybox":false,"showFlares":false,"showImageEffects":false,"showParticleSystems":false},"in2DMode":false,"pivot":{"x":0.6129465103149414,"y":-0.25618743896484377,"z":-0.0015783309936523438},"rotation":{"x":-0.019553886726498605,"y":0.5160570740699768,"z":-0.011787225492298603,"w":-0.8562498688697815},"size":1.5928189754486085,"orthographic":false}