{"cameraMode":{"drawMode":0,"name":"Shaded","section":"Shading Mode"},"sceneLighting":false,"audioPlay":false,"sceneViewState":{"showFog":false,"showMaterialUpdate":false,"showSkybox":false,"showFlares":false,"showImageEffects":false,"showParticleSystems":false},"in2DMode":false,"pivot":{"x":468.1537170410156,"y":257.4173889160156,"z":63.69071960449219},"rotation":{"x":0.051294486969709399,"y":0.0020923197735100986,"z":-0.0001081743321265094,"w":0.9986814260482788},"size":287.1476135253906,"orthographic":false}