{"cameraMode":{"drawMode":0,"name":"Shaded","section":"Shading Mode"},"sceneLighting":false,"audioPlay":false,"sceneViewState":{"showFog":false,"showMaterialUpdate":false,"showSkybox":false,"showFlares":false,"showImageEffects":false,"showParticleSystems":false},"in2DMode":false,"pivot":{"x":0.37005335092544558,"y":0.664597749710083,"z":1.902170181274414},"rotation":{"x":0.101070336997509,"y":-0.3529953062534332,"z":0.038390763103961948,"w":0.9293574690818787},"size":1.245234489440918,"orthographic":false}