{"cameraMode":{"drawMode":0,"name":"Shaded","section":"Shading Mode"},"sceneLighting":true,"audioPlay":false,"sceneViewState":{"showFog":false,"showMaterialUpdate":false,"showSkybox":false,"showFlares":false,"showImageEffects":false,"showParticleSystems":false},"in2DMode":false,"pivot":{"x":0.07352942228317261,"y":1.1690000295639039,"z":1.9649839401245118},"rotation":{"x":0.1411888301372528,"y":-0.7137296795845032,"z":0.15056000649929048,"w":0.6693185567855835},"size":2.4094159603118898,"orthographic":true}