{"cameraMode":{"drawMode":0,"name":"Shaded","section":"Shading Mode"},"sceneLighting":false,"audioPlay":false,"sceneViewState":{"showFog":false,"showMaterialUpdate":false,"showSkybox":false,"showFlares":false,"showImageEffects":false,"showParticleSystems":false},"in2DMode":false,"pivot":{"x":6.092714309692383,"y":-0.21536636352539063,"z":13.06667423248291},"rotation":{"x":-0.14666281640529633,"y":0.8533366918563843,"z":-0.35407567024230959,"w":-0.3534642457962036},"size":30.62528419494629,"orthographic":false}