{"cameraMode":{"drawMode":0,"name":"Shaded","section":"Shading Mode"},"sceneLighting":false,"audioPlay":false,"sceneViewState":{"showFog":false,"showMaterialUpdate":false,"showSkybox":false,"showFlares":false,"showImageEffects":false,"showParticleSystems":false},"in2DMode":false,"pivot":{"x":-0.0000591278076171875,"y":0.8220138549804688,"z":-0.0017528533935546876},"rotation":{"x":-0.108436219394207,"y":-0.4010525345802307,"z":0.04787660017609596,"w":-0.9083536267280579},"size":100.02593231201172,"orthographic":false}