{"cameraMode":{"drawMode":0,"name":"Shaded","section":"Shading Mode"},"sceneLighting":false,"audioPlay":false,"sceneViewState":{"showFog":false,"showMaterialUpdate":false,"showSkybox":false,"showFlares":false,"showImageEffects":false,"showParticleSystems":false},"in2DMode":false,"pivot":{"x":0.0003838539123535156,"y":0.0,"z":-0.5826001167297363},"rotation":{"x":-0.05431927368044853,"y":-0.2274051010608673,"z":0.012705929577350617,"w":-0.9722011089324951},"size":40.010372161865237,"orthographic":false}