{"cameraMode":{"drawMode":0,"name":"Shaded","section":"Shading Mode"},"sceneLighting":false,"audioPlay":false,"sceneViewState":{"showFog":false,"showMaterialUpdate":false,"showSkybox":false,"showFlares":false,"showImageEffects":false,"showParticleSystems":false},"in2DMode":false,"pivot":{"x":-0.000052928924560546875,"y":0.739811897277832,"z":-0.0015783309936523438},"rotation":{"x":-0.05431927368044853,"y":-0.2274051010608673,"z":0.012705929577350617,"w":-0.9722011089324951},"size":1.5273301601409913,"orthographic":false}