{"cameraMode":{"drawMode":0,"name":"Shaded","section":"Shading Mode"},"sceneLighting":false,"audioPlay":false,"sceneViewState":{"showFog":false,"showMaterialUpdate":false,"showSkybox":false,"showFlares":false,"showImageEffects":false,"showParticleSystems":false},"in2DMode":false,"pivot":{"x":-1.7121796607971192,"y":2.4253244400024416,"z":-0.2194836139678955},"rotation":{"x":-0.026845959946513177,"y":-0.879122257232666,"z":-0.0498688779771328,"w":0.4732193648815155},"size":5.445234775543213,"orthographic":false}