{"cameraMode":{"drawMode":0,"name":"Shaded","section":"Shading Mode"},"sceneLighting":false,"audioPlay":false,"sceneViewState":{"showFog":false,"showMaterialUpdate":false,"showSkybox":false,"showFlares":false,"showImageEffects":false,"showParticleSystems":false},"in2DMode":false,"pivot":{"x":0.014089584350585938,"y":1.4229867458343506,"z":0.7603418827056885},"rotation":{"x":0.11795327067375183,"y":-0.7000359296798706,"z":0.11894826591014862,"w":0.6941816210746765},"size":19.699478149414064,"orthographic":false}