{"cameraMode":{"drawMode":0,"name":"Shaded","section":"Shading Mode"},"sceneLighting":false,"audioPlay":false,"sceneViewState":{"showFog":false,"showMaterialUpdate":false,"showSkybox":false,"showFlares":false,"showImageEffects":false,"showParticleSystems":false},"in2DMode":false,"pivot":{"x":-0.0005103647708892822,"y":1.5873810052871705,"z":1.980360984802246},"rotation":{"x":0.101070336997509,"y":-0.3529953062534332,"z":0.038390763103961948,"w":0.9293574690818787},"size":4.8246002197265629,"orthographic":false}